mean_fit_time,std_fit_time,mean_score_time,std_score_time,param_subsample,param_min_child_weight,param_max_depth,param_gamma,param_colsample_bytree,params,split0_test_score,split1_test_score,split2_test_score,split3_test_score,split4_test_score,mean_test_score,std_test_score,rank_test_score
0.5528576374053955,0.012043706916478939,0.010491514205932617,0.0035856574758022152,1.0,1,3,1,0.8,"{'subsample': 1.0, 'min_child_weight': 1, 'max_depth': 3, 'gamma': 1, 'colsample_bytree': 0.8}",0.7439511289625705,0.7805243955129539,0.7918620281320511,0.8150133619241171,0.7896047625334566,0.7841911354130298,0.023112172989290032,2
0.6053400993347168,0.020344519765814053,0.008511734008789063,0.0011126203418912921,0.8,10,5,1.5,0.6,"{'subsample': 0.8, 'min_child_weight': 10, 'max_depth': 5, 'gamma': 1.5, 'colsample_bytree': 0.6}",0.7452553167656142,0.7772119185162664,0.7853010833560032,0.8135771551103359,0.7884365335605779,0.7819564014617594,0.022011500660288855,5
0.7943049907684326,0.016853005543869183,0.009671258926391601,0.0005562204257029881,0.8,5,3,5,0.8,"{'subsample': 0.8, 'min_child_weight': 5, 'max_depth': 3, 'gamma': 5, 'colsample_bytree': 0.8}",0.7439511289625705,0.7805243955129539,0.7918620281320511,0.8150133619241171,0.7896047625334566,0.7841911354130298,0.023112172989290032,2
1.2171316623687745,0.061636579615902826,0.010698461532592773,0.0015227427260920002,0.8,1,4,1.5,1.0,"{'subsample': 0.8, 'min_child_weight': 1, 'max_depth': 4, 'gamma': 1.5, 'colsample_bytree': 1.0}",0.7439511289625705,0.7813885199468724,0.7918620281320511,0.8150133619241171,0.7896047625334566,0.7843639602998135,0.02308732566229019,1
0.8443438053131104,0.08947020558375252,0.010387849807739259,0.004188449420395993,1.0,10,5,1,1.0,"{'subsample': 1.0, 'min_child_weight': 10, 'max_depth': 5, 'gamma': 1, 'colsample_bytree': 1.0}",0.7439511289625705,0.7793002192315693,0.7883415211790498,0.8146273063321119,0.7896047625334566,0.7831649876477516,0.022850854884960112,4
